id_publicacion,id_usuario,fecha,tipo_contenido,likes,comentarios,compartidos,visualizaciones,hashtags
1,22,2024-03-24,foto,1329.0,354.0,105,9749,"#datascience,#cloud"
2,69,2023-09-02,video,2334.0,401.0,200,21205,"#innovacion,#cloud,#datascience"
3,68,2024-03-04,foto,3782.0,398.0,51,15356,#innovacion
4,92,2023-05-08,video,3936.0,283.0,21,15983,"#analisis,#bigdata,#python,#deeplearning"
5,45,2023-01-28,texto,751.0,113.0,13,6365,"#datos,#deeplearning,#ia"
6,92,2023-12-10,foto,3071.0,163.0,35,6388,"#startup,#developer,#python,#analisis"
7,3,2023-09-20,foto,3842.0,2.0,38,38892,"#bigdata,#deeplearning,#ia,#programacion,#datos"
8,80,2024-04-13,foto,2467.0,122.0,28,22608,"#tecnologia,#innovacion,#bigdata,#cloud,#datos"
9,31,2024-03-02,foto,1176.0,0.0,170,3896,"#ia,#bigdata,#developer"
10,50,2024-04-26,foto,4156.0,259.0,162,33539,"#startup,#tecnologia,#machinelearning"
11,14,2023-12-07,foto,553.0,375.0,11,4250,"#developer,#innovacion,#python"
12,18,2023-03-06,reel,3806.0,245.0,198,34372,"#datos,#tecnologia,#coding"
13,66,2024-02-12,historia,1634.0,161.0,121,9922,"#programacion,#machinelearning"
14,48,2024-03-23,texto,391.0,169.0,190,3816,"#python,#datascience,#startup"
15,11,2024-03-10,foto,4075.0,408.0,110,16679,"#machinelearning,#ia,#developer"
16,92,2024-03-12,foto,2686.0,156.0,176,24453,"#tecnologia,#startup,#machinelearning,#cloud"
17,10,2024-02-20,video,3563.0,405.0,131,14367,"#developer,#cloud"
18,83,2024-01-11,video,,34.0,98,409,"#innovacion,#datascience"
19,18,2024-01-11,texto,3038.0,390.0,80,18455,#tecnologia
20,16,2023-09-26,video,1524.0,198.0,180,13925,"#programacion,#startup,#datascience,#datos,#ia"
21,92,2024-03-31,foto,1111.0,231.0,174,8218,"#startup,#ia,#bigdata"
22,92,2023-06-28,video,4441.0,153.0,130,22367,"#coding,#python"
23,74,2024-01-13,texto,1939.0,13.0,141,8169,#ia
24,68,2024-02-25,texto,2533.0,367.0,147,7763,"#innovacion,#ia,#datascience"
25,100,2023-07-06,foto,3816.0,176.0,110,38288,#bigdata
26,91,2023-08-19,video,1253.0,82.0,132,7658,"#datos,#innovacion,#bigdata"
27,12,2024-05-29,reel,2248.0,155.0,43,9179,"#startup,#cloud,#machinelearning,#developer,#tecnologia"
28,74,2023-09-29,reel,232.0,485.0,53,2272,#datascience
29,32,2024-02-20,video,4469.0,489.0,116,13859,#python
30,78,2023-05-28,video,3601.0,237.0,183,25682,"#deeplearning,#python,#coding"
31,60,2023-05-06,video,3035.0,54.0,115,15347,#tecnologia
32,32,2023-06-13,video,2377.0,442.0,147,16836,"#datascience,#bigdata"
33,12,2024-02-07,historia,3824.0,157.0,117,19330,"#machinelearning,#tecnologia,#developer,#programacion,#datascience"
34,37,2023-01-09,foto,4894.0,334.0,110,19811,"#coding,#deeplearning,#machinelearning"
35,47,2023-10-23,foto,370.0,291.0,98,4030,"#programacion,#developer,#cloud,#innovacion,#coding"
36,44,2024-01-10,foto,973.0,49.0,50,10035,"#tecnologia,#analisis,#developer,#python,#machinelearning"
37,66,2023-05-24,video,3880.0,76.0,156,27343,"#cloud,#startup,#programacion,#analisis"
38,91,2023-11-03,texto,2755.0,260.0,4,19554,#deeplearning
39,89,2023-01-28,historia,4781.0,460.0,121,29121,"#cloud,#datos,#startup,#tecnologia,#analisis"
40,100,2024-01-25,foto,3935.0,322.0,174,19791,"#startup,#ia,#datos,#tecnologia,#datascience"
41,53,2024-05-28,historia,2569.0,211.0,120,5599,"#bigdata,#datos"
42,49,2023-11-18,foto,4594.0,339.0,117,46215,"#machinelearning,#innovacion,#coding,#startup,#developer"
43,36,2023-11-02,foto,2165.0,98.0,76,13450,"#startup,#analisis"
44,93,2023-10-08,video,4005.0,178.0,31,40344,"#developer,#machinelearning,#coding,#python"
45,45,2024-03-28,reel,2379.0,489.0,65,21620,"#developer,#bigdata"
46,14,2023-09-03,foto,2221.0,356.0,12,22425,"#tecnologia,#ia"
47,99,2023-05-21,foto,3385.0,241.0,140,13848,"#datascience,#innovacion,#datos,#programacion"
48,12,2023-08-26,historia,2631.0,30.0,189,5451,"#analisis,#developer,#python,#tecnologia"
49,38,2023-02-08,foto,3252.0,95.0,76,10027,"#datascience,#innovacion,#bigdata"
50,65,2024-04-24,video,4295.0,480.0,49,13154,"#startup,#datascience"
51,38,2023-07-17,foto,2107.0,7.0,156,17174,"#machinelearning,#ia,#deeplearning,#innovacion,#developer"
52,32,2023-01-07,video,1513.0,244.0,98,7893,"#machinelearning,#programacion,#cloud"
53,31,2023-03-05,reel,,334.0,30,257,"#deeplearning,#innovacion"
54,40,2023-05-01,reel,4116.0,454.0,75,29226,"#datos,#python"
55,48,2024-03-01,reel,3917.0,382.0,140,35740,"#coding,#innovacion,#datos,#analisis,#developer"
56,68,2024-01-06,foto,4880.0,41.0,144,14771,"#analisis,#bigdata,#datos,#cloud,#developer"
57,15,2023-07-30,reel,1227.0,437.0,149,11189,"#datascience,#coding,#tecnologia,#analisis,#python"
58,60,2023-11-12,reel,4204.0,288.0,5,33862,#startup
59,90,2023-03-07,historia,1785.0,23.0,15,5696,#programacion
60,94,2024-03-06,video,3349.0,69.0,97,30434,"#ia,#innovacion,#developer,#bigdata"
61,69,2024-02-07,historia,1089.0,178.0,32,5546,#programacion
62,49,2023-08-24,foto,3792.0,278.0,117,26723,"#datos,#startup,#coding"
63,99,2023-01-17,foto,,338.0,52,151,"#tecnologia,#datascience,#cloud,#innovacion,#analisis"
64,70,2023-08-11,foto,2004.0,205.0,35,20288,"#developer,#startup"
65,42,2023-08-31,video,4719.0,306.0,36,47403,"#programacion,#analisis,#tecnologia,#bigdata"
66,87,2024-03-13,historia,4846.0,466.0,126,9968,"#coding,#bigdata,#machinelearning,#startup"
67,97,2024-04-29,foto,3410.0,153.0,57,20922,"#coding,#datascience"
68,68,2023-05-18,texto,472.0,495.0,62,3036,"#innovacion,#ia,#datascience"
69,7,2023-10-02,texto,3039.0,370.0,172,6215,"#coding,#analisis"
70,27,2023-12-07,video,4813.0,286.0,3,24262,#startup
71,27,2024-02-11,foto,3923.0,356.0,141,27958,"#deeplearning,#datascience,#bigdata"
72,64,2024-04-22,foto,2943.0,184.0,184,26976,"#analisis,#datos,#machinelearning"
73,95,2023-05-30,foto,2563.0,288.0,66,26029,"#startup,#deeplearning,#programacion,#python,#datos"
74,64,2023-12-12,video,2702.0,291.0,195,24788,"#datascience,#python,#startup,#machinelearning"
75,70,2023-03-02,historia,1386.0,279.0,8,4600,#coding
76,9,2023-06-04,foto,52.0,431.0,55,853,"#tecnologia,#cloud,#innovacion"
77,71,2024-02-26,foto,3958.0,,4,40049,"#bigdata,#programacion,#tecnologia"
78,23,2023-04-20,foto,4114.0,345.0,134,16679,"#cloud,#bigdata"
79,11,2024-01-18,texto,2067.0,136.0,117,10791,"#programacion,#innovacion"
80,5,2023-04-06,texto,660.0,439.0,97,5662,"#tecnologia,#innovacion,#analisis,#startup"
81,43,2023-04-08,historia,1403.0,432.0,10,7223,"#datascience,#programacion,#tecnologia,#ia,#innovacion"
82,23,2023-11-19,foto,2296.0,288.0,53,9669,"#analisis,#ia,#programacion,#python"
83,87,2023-12-06,texto,4619.0,427.0,193,18928,#bigdata
84,10,2023-12-15,historia,2833.0,223.0,196,23160,"#tecnologia,#innovacion,#programacion"
85,49,2024-03-18,foto,3690.0,182.0,174,29663,"#programacion,#coding,#datos,#startup,#ia"
86,82,2023-06-07,reel,672.0,194.0,99,4988,#ia
87,35,2023-04-15,foto,42.0,227.0,22,488,"#bigdata,#analisis,#developer,#deeplearning"
88,77,2023-11-29,texto,,181.0,3,311,"#coding,#ia,#startup,#bigdata"
89,22,2023-05-23,video,1988.0,86.0,77,12280,"#ia,#python"
90,10,2024-01-05,video,3560.0,153.0,63,32444,"#datos,#datascience,#ia,#python,#programacion"
91,49,2023-12-04,texto,55.0,170.0,85,873,"#python,#programacion,#machinelearning,#cloud,#datos"
92,41,2023-10-26,reel,3924.0,493.0,177,35710,"#machinelearning,#deeplearning"
93,73,2023-07-24,historia,2296.0,201.0,139,9633,"#tecnologia,#startup,#datascience,#developer,#datos"
94,53,2024-05-26,foto,3591.0,425.0,162,21769,"#innovacion,#python,#startup"
95,77,2024-05-05,historia,3466.0,37.0,102,35019,"#bigdata,#tecnologia,#coding,#machinelearning"
96,99,2023-09-12,reel,4398.0,468.0,170,30971,"#tecnologia,#cloud,#innovacion,#coding,#startup"
97,56,2023-04-19,foto,3273.0,169.0,25,19851,"#startup,#bigdata,#developer,#cloud,#analisis"
98,87,2024-05-27,foto,1810.0,200.0,88,3967,#programacion
99,94,2023-05-26,video,3407.0,43.0,79,24182,"#bigdata,#datascience"
100,58,2023-11-23,foto,2853.0,224.0,76,6169,#tecnologia
101,95,2023-09-07,historia,2810.0,346.0,44,28281,"#bigdata,#deeplearning,#datascience"
102,82,2024-03-18,texto,1899.0,322.0,7,9825,"#deeplearning,#analisis,#tecnologia,#startup,#datos"
103,9,2023-04-15,historia,1685.0,360.0,47,12061,"#datascience,#ia"
104,82,2023-11-17,historia,2149.0,250.0,99,17592,#machinelearning
105,87,2023-11-01,historia,2883.0,316.0,151,9093,"#machinelearning,#ia"
106,19,2024-02-02,texto,1954.0,93.0,152,8210,"#deeplearning,#python,#datascience,#innovacion"
107,23,2023-06-20,texto,4402.0,330.0,73,17803,"#developer,#datascience,#cloud"
108,18,2023-07-19,texto,439.0,,143,4824,"#deeplearning,#innovacion,#datascience,#analisis"
109,98,2023-08-14,video,3636.0,42.0,8,22031,"#programacion,#python,#coding,#datascience,#cloud"
110,35,2024-01-11,historia,4057.0,57.0,193,8603,"#bigdata,#datos,#deeplearning,#ia"
111,45,2023-03-31,texto,2027.0,16.0,30,10342,"#startup,#machinelearning,#analisis,#cloud,#innovacion"
112,27,2023-03-02,historia,3507.0,71.0,89,35313,"#bigdata,#python,#machinelearning,#startup,#programacion"
113,87,2023-04-08,foto,2370.0,487.0,192,19090,"#developer,#innovacion,#python"
114,32,2024-02-07,texto,1087.0,364.0,36,6943,"#deeplearning,#datascience,#ia,#innovacion"
115,48,2024-04-10,texto,762.0,383.0,83,2020,#startup
116,9,2024-02-12,foto,3755.0,357.0,109,19128,"#machinelearning,#developer,#programacion"
117,63,2023-12-18,reel,2766.0,66.0,195,5655,#innovacion
118,57,2024-04-12,foto,,475.0,109,452,"#analisis,#innovacion"
119,12,2024-01-05,video,2472.0,477.0,21,17744,"#tecnologia,#deeplearning"
120,84,2023-04-04,reel,2502.0,386.0,24,5213,"#ia,#python,#cloud,#datos"
121,44,2023-05-04,texto,4255.0,,177,17364,#datos
122,41,2024-01-12,video,3138.0,412.0,35,25600,"#innovacion,#analisis"
123,84,2023-06-18,texto,1170.0,,89,6271,"#analisis,#deeplearning"
124,18,2023-05-07,historia,3624.0,44.0,186,29271,"#machinelearning,#coding,#python,#datos"
125,77,2023-10-19,reel,2268.0,127.0,6,13813,"#cloud,#bigdata,#datos,#startup,#deeplearning"
126,31,2024-05-21,texto,2421.0,401.0,28,12460,"#ia,#bigdata,#tecnologia,#machinelearning,#startup"
127,47,2023-06-26,texto,1081.0,429.0,197,3351,"#ia,#tecnologia,#programacion,#datos,#developer"
128,81,2024-05-28,texto,495.0,203.0,108,4102,"#bigdata,#cloud,#python,#programacion,#ia"
129,20,2023-12-01,texto,2538.0,471.0,150,7872,"#startup,#developer,#datos,#tecnologia"
130,79,2023-02-26,video,2002.0,222.0,170,8169,#startup
131,45,2023-09-23,foto,1124.0,83.0,95,4979,"#startup,#ia,#coding"
132,9,2023-09-27,reel,240.0,219.0,147,1074,"#bigdata,#machinelearning,#tecnologia,#datascience"
133,14,2023-04-29,foto,4643.0,80.0,189,46531,#developer
134,20,2023-07-03,foto,100.0,241.0,141,1014,"#datos,#deeplearning,#startup"
135,16,2024-05-29,reel,2620.0,39.0,13,10694,"#tecnologia,#deeplearning,#ia,#datascience,#programacion"
136,48,2023-07-25,video,2545.0,283.0,144,15748,"#datos,#datascience,#machinelearning,#cloud,#developer"
137,32,2023-06-04,foto,1600.0,279.0,104,3419,"#machinelearning,#innovacion,#startup,#tecnologia,#analisis"
138,94,2023-11-11,foto,11.0,192.0,52,331,"#datascience,#tecnologia,#python,#startup"
139,67,2024-02-27,reel,2292.0,471.0,95,21110,#cloud
140,10,2023-03-05,texto,782.0,326.0,169,3349,"#programacion,#developer,#machinelearning"
141,58,2023-10-06,foto,3219.0,376.0,19,16264,"#ia,#python,#analisis,#developer,#datascience"
142,99,2023-08-01,texto,3817.0,61.0,78,34588,#ia
143,90,2023-02-11,foto,1291.0,155.0,83,5310,"#machinelearning,#deeplearning"
144,23,2023-02-01,texto,4206.0,153.0,115,42543,"#datos,#ia,#datascience,#developer,#python"
145,29,2023-05-14,foto,,425.0,102,451,#cloud
146,9,2023-07-22,reel,4801.0,416.0,113,19351,"#ia,#tecnologia,#datascience"
147,93,2024-02-09,texto,414.0,293.0,7,3761,"#python,#machinelearning,#datos,#analisis"
148,79,2023-09-09,reel,2252.0,452.0,75,20578,"#datascience,#tecnologia,#ia,#programacion,#deeplearning"
149,68,2023-09-13,reel,1124.0,329.0,139,2543,"#datascience,#bigdata,#coding"
150,50,2023-10-04,foto,3970.0,289.0,6,28195,"#tecnologia,#coding"
151,99,2023-08-27,foto,2301.0,241.0,25,11941,"#programacion,#bigdata"
152,50,2023-12-30,foto,458.0,485.0,45,2693,"#coding,#startup,#developer"
153,46,2023-05-26,historia,2939.0,14.0,48,26828,"#python,#datascience,#tecnologia"
154,68,2024-05-04,foto,739.0,308.0,84,3861,"#startup,#python,#coding"
155,19,2023-04-24,historia,2650.0,75.0,93,8241,"#cloud,#ia,#machinelearning,#programacion"
156,56,2024-05-13,reel,2642.0,80.0,81,11030,"#startup,#cloud,#coding,#machinelearning,#datos"
157,89,2023-10-29,foto,4824.0,193.0,45,10107,"#deeplearning,#developer,#coding,#cloud,#tecnologia"
158,79,2023-08-15,reel,1491.0,471.0,144,4827,"#machinelearning,#startup"
159,12,2023-12-10,texto,637.0,163.0,2,4029,"#startup,#ia"
160,7,2024-01-31,texto,2871.0,55.0,187,23153,"#datascience,#deeplearning,#machinelearning,#bigdata"
161,74,2023-08-19,foto,3074.0,245.0,115,9339,"#tecnologia,#machinelearning,#programacion"
162,21,2023-03-18,historia,857.0,87.0,23,6403,"#analisis,#datascience,#startup,#tecnologia,#deeplearning"
163,13,2023-12-06,foto,1351.0,222.0,48,11264,"#startup,#analisis,#bigdata,#programacion,#innovacion"
164,74,2024-05-17,foto,2306.0,49.0,13,16243,"#ia,#programacion,#innovacion,#coding"
165,22,2023-10-26,foto,4916.0,,121,15005,"#datascience,#analisis,#innovacion,#programacion"
166,49,2024-01-14,foto,746.0,198.0,114,1726,"#datascience,#programacion,#datos,#developer"
167,13,2023-03-29,reel,4622.0,385.0,88,46531,"#datos,#bigdata,#tecnologia,#deeplearning,#developer"
168,61,2023-08-30,texto,3429.0,351.0,76,10589,#bigdata
169,80,2023-05-31,foto,4679.0,409.0,193,42299,"#datos,#coding"
170,88,2024-03-21,foto,1578.0,216.0,160,6716,"#machinelearning,#startup,#coding"
171,42,2023-10-10,historia,548.0,284.0,117,1554,"#cloud,#bigdata,#coding,#deeplearning,#ia"
172,98,2023-04-13,foto,3395.0,290.0,144,10431,"#analisis,#machinelearning,#deeplearning,#programacion,#coding"
173,36,2024-02-17,foto,3977.0,242.0,158,31935,"#analisis,#machinelearning,#startup,#datos"
174,48,2023-01-21,video,403.0,471.0,77,2661,"#developer,#startup,#innovacion,#ia"
175,100,2023-11-25,video,1867.0,498.0,186,15345,#datos
176,63,2024-01-18,foto,3618.0,421.0,131,14605,"#startup,#bigdata,#deeplearning"
177,4,2023-06-27,foto,1111.0,268.0,51,2449,#datascience
178,48,2024-04-20,historia,414.0,360.0,101,1690,#datos
179,61,2023-12-25,video,3051.0,228.0,41,18789,#programacion
180,100,2023-08-08,foto,224.0,83.0,165,1566,"#programacion,#innovacion"
181,99,2023-01-10,texto,3354.0,442.0,33,13823,#datos
182,91,2023-10-09,texto,2067.0,482.0,96,14804,"#datos,#datascience,#programacion"
183,1,2024-01-19,historia,4265.0,203.0,165,25842,#datascience
184,36,2023-09-25,reel,522.0,141.0,182,3328,"#bigdata,#coding"
185,77,2024-02-18,reel,1968.0,412.0,81,8341,#innovacion
186,52,2024-02-02,reel,4074.0,132.0,9,20645,"#innovacion,#bigdata"
187,39,2023-06-24,reel,3897.0,343.0,142,15838,#datascience
188,98,2023-07-07,reel,1048.0,371.0,85,3357,"#datos,#startup,#programacion"
189,75,2023-10-29,texto,3444.0,169.0,30,31123,"#cloud,#analisis,#ia,#datascience,#datos"
190,39,2024-02-28,foto,4099.0,348.0,38,16598,"#deeplearning,#cloud,#datascience"
191,11,2024-05-14,video,1173.0,366.0,161,4952,#tecnologia
192,74,2023-06-12,texto,3703.0,389.0,195,11275,"#deeplearning,#innovacion,#analisis,#coding,#startup"
193,94,2024-01-18,foto,3910.0,19.0,82,39297,#innovacion
194,45,2023-11-16,foto,33.0,127.0,26,621,"#programacion,#python,#ia,#tecnologia,#analisis"
195,44,2024-03-20,reel,2382.0,266.0,34,17024,"#coding,#datos,#python"
196,17,2023-08-05,reel,,114.0,5,186,#machinelearning
197,69,2023-02-19,historia,306.0,327.0,12,1352,#tecnologia
198,33,2024-04-30,reel,948.0,194.0,39,5195,#programacion
199,80,2023-05-21,texto,3447.0,339.0,26,34938,"#ia,#programacion,#analisis,#coding,#datascience"
200,67,2023-07-26,video,1627.0,398.0,180,13267,"#tecnologia,#bigdata"
201,43,2023-08-29,foto,4066.0,352.0,3,12354,"#innovacion,#datascience,#python,#ia,#bigdata"
202,83,2023-08-25,texto,614.0,51.0,75,4021,#ia
203,87,2023-11-17,texto,1431.0,436.0,189,4441,#tecnologia
204,57,2023-10-02,reel,1133.0,87.0,23,8206,"#ia,#deeplearning"
205,89,2024-05-04,texto,3278.0,139.0,166,13269,"#startup,#analisis"
206,54,2024-05-09,historia,480.0,432.0,173,4512,"#deeplearning,#coding,#machinelearning,#cloud,#tecnologia"
207,53,2024-03-27,foto,1070.0,249.0,16,6855,"#tecnologia,#startup,#innovacion"
208,29,2023-12-13,historia,4299.0,295.0,133,13218,"#datascience,#machinelearning"
209,79,2023-02-25,foto,3152.0,423.0,164,12966,"#developer,#datascience,#python,#ia"
210,7,2023-08-17,historia,4027.0,169.0,164,32522,"#ia,#datascience"
211,64,2024-04-02,video,3638.0,229.0,30,33223,#ia
212,12,2023-11-08,historia,3304.0,285.0,143,16955,"#machinelearning,#analisis,#tecnologia,#datos"
213,61,2024-01-08,reel,3722.0,392.0,115,11315,"#tecnologia,#machinelearning"
214,71,2024-01-18,reel,2909.0,493.0,27,6002,"#python,#developer,#startup,#coding"
215,16,2024-02-07,foto,3352.0,312.0,117,17226,"#ia,#coding,#deeplearning"
216,16,2024-04-06,texto,380.0,428.0,168,3968,"#tecnologia,#bigdata,#startup,#analisis"
217,66,2023-07-01,reel,4532.0,429.0,148,18602,"#ia,#deeplearning"
218,50,2024-03-04,historia,4919.0,164.0,177,24835,"#machinelearning,#programacion,#datascience,#python"
219,66,2023-11-03,reel,1131.0,358.0,140,8381,"#innovacion,#datos,#developer,#coding,#cloud"
220,91,2023-07-02,historia,2380.0,471.0,138,17123,#coding
221,86,2024-03-03,reel,2885.0,298.0,191,29096,"#coding,#tecnologia,#bigdata,#ia"
222,26,2023-10-01,foto,207.0,27.0,73,1416,#startup
223,58,2023-04-15,historia,2417.0,277.0,172,24384,"#deeplearning,#datos,#bigdata,#startup,#programacion"
224,88,2023-11-17,historia,384.0,198.0,13,1248,"#datos,#cloud,#coding"
225,91,2024-01-12,historia,3629.0,466.0,139,18642,"#programacion,#datascience"
226,23,2023-05-03,texto,1453.0,38.0,10,11866,"#programacion,#python,#developer,#cloud,#analisis"
227,6,2023-06-07,video,46.0,363.0,152,588,"#developer,#innovacion,#programacion,#datascience,#cloud"
228,68,2023-08-14,foto,4506.0,401.0,133,13876,"#deeplearning,#bigdata"
229,28,2023-12-06,video,4399.0,178.0,92,26605,"#bigdata,#datascience,#analisis,#innovacion,#tecnologia"
230,83,2023-09-07,foto,939.0,228.0,174,6868,#deeplearning
231,67,2024-01-19,historia,2101.0,,130,19258,#programacion
232,22,2023-01-08,reel,1577.0,42.0,16,8328,"#developer,#innovacion"
233,90,2024-03-21,reel,3475.0,105.0,18,14012,"#startup,#machinelearning,#tecnologia,#ia"
234,10,2023-08-22,video,600.0,406.0,104,5130,"#deeplearning,#machinelearning,#tecnologia,#analisis"
235,9,2023-02-16,reel,969.0,328.0,18,7140,#programacion
236,57,2024-01-26,texto,2468.0,144.0,169,5278,"#bigdata,#datos"
237,70,2023-10-30,reel,1117.0,407.0,36,7148,"#tecnologia,#bigdata,#developer"
238,51,2023-03-29,video,1158.0,2.0,53,8314,"#analisis,#innovacion,#bigdata,#python"
239,25,2023-04-28,foto,1318.0,315.0,171,3120,"#datascience,#innovacion,#bigdata,#ia,#programacion"
240,63,2023-12-05,video,551.0,101.0,32,2906,"#cloud,#ia,#datos"
241,40,2023-06-06,historia,2603.0,168.0,145,18482,"#python,#tecnologia,#machinelearning,#datos"
242,47,2023-05-18,reel,1814.0,328.0,187,13043,"#datascience,#machinelearning,#coding,#programacion"
243,11,2023-10-15,foto,3989.0,89.0,137,20179,#startup
244,4,2024-02-19,historia,617.0,434.0,54,1616,"#bigdata,#analisis,#datascience"
245,76,2023-10-25,foto,1217.0,114.0,118,12531,#deeplearning
246,79,2023-06-19,historia,2980.0,339.0,35,27001,"#cloud,#analisis"
247,6,2023-08-13,texto,1197.0,247.0,59,3826,"#datos,#tecnologia,#innovacion"
248,61,2024-04-10,foto,1693.0,405.0,10,12003,"#innovacion,#developer,#programacion,#startup,#coding"
249,49,2024-01-10,historia,4740.0,89.0,167,14584,"#deeplearning,#datos,#bigdata"
250,62,2023-01-07,historia,3324.0,444.0,35,30100,"#ia,#bigdata"
251,78,2023-05-02,reel,2300.0,95.0,58,18669,#datascience
252,53,2023-01-23,foto,3922.0,302.0,11,16081,"#python,#analisis,#innovacion,#bigdata,#tecnologia"
253,24,2024-02-20,historia,4688.0,85.0,144,9844,"#ia,#datos,#datascience"
254,29,2024-02-25,historia,4968.0,444.0,36,20291,"#programacion,#python,#startup,#innovacion,#machinelearning"
255,50,2023-05-16,foto,3714.0,35.0,4,18937,"#innovacion,#deeplearning,#python,#cloud,#ia"
256,69,2024-05-30,foto,1453.0,314.0,23,13514,"#analisis,#cloud"
257,87,2024-03-17,historia,4417.0,459.0,107,31041,"#deeplearning,#datos,#coding,#datascience,#analisis"
258,90,2023-04-11,texto,2871.0,379.0,34,17570,"#analisis,#developer"
259,33,2023-07-13,foto,686.0,448.0,181,1767,"#ia,#bigdata,#tecnologia,#deeplearning,#innovacion"
260,14,2023-06-08,texto,1682.0,161.0,166,10325,"#deeplearning,#cloud,#machinelearning,#developer,#programacion"
261,72,2024-05-09,foto,3255.0,211.0,94,32934,"#programacion,#analisis,#cloud,#machinelearning"
262,16,2023-08-24,texto,3261.0,437.0,200,13195,"#bigdata,#deeplearning"
263,91,2023-02-23,foto,2772.0,314.0,99,5690,"#datascience,#cloud"
264,11,2023-02-08,reel,3566.0,134.0,98,28942,"#programacion,#startup,#cloud,#tecnologia,#python"
265,67,2023-10-20,foto,4049.0,103.0,8,40854,"#cloud,#python"
266,21,2023-03-30,video,295.0,,199,2640,"#deeplearning,#cloud,#datos,#bigdata"
267,71,2023-10-19,reel,125.0,35.0,143,1152,"#datos,#cloud,#analisis"
268,23,2024-02-21,historia,3725.0,,27,37387,"#programacion,#machinelearning,#ia,#bigdata,#analisis"
269,57,2024-01-22,historia,4406.0,294.0,123,22517,"#coding,#datascience,#innovacion"
270,15,2023-09-22,foto,3774.0,,97,19316,"#coding,#machinelearning"
271,90,2023-09-27,foto,3378.0,264.0,73,10438,"#ia,#bigdata,#python"
272,35,2023-07-07,reel,3903.0,111.0,174,19870,"#datos,#startup"
273,32,2023-12-31,foto,1982.0,105.0,199,6107,#innovacion
274,6,2024-05-08,video,4035.0,391.0,158,28597,"#developer,#programacion,#datascience,#python,#bigdata"
275,7,2024-03-09,texto,2295.0,384.0,138,4947,"#deeplearning,#developer,#innovacion"
276,59,2023-11-20,reel,1431.0,61.0,2,3307,"#deeplearning,#cloud"
277,24,2023-09-27,foto,825.0,313.0,68,7838,"#machinelearning,#python,#datascience"
278,47,2024-02-15,video,3472.0,358.0,115,14280,"#cloud,#innovacion"
279,31,2024-03-18,texto,1872.0,369.0,50,7966,"#datascience,#coding"
280,81,2023-11-20,texto,79.0,255.0,76,861,"#tecnologia,#deeplearning,#ia,#startup,#python"
281,81,2023-04-09,texto,491.0,130.0,190,3670,"#machinelearning,#bigdata,#developer"
282,87,2023-07-23,historia,2111.0,210.0,147,21299,"#machinelearning,#analisis,#innovacion"
283,11,2024-01-26,historia,4181.0,377.0,73,38052,"#developer,#python"
284,10,2023-03-23,foto,2763.0,313.0,87,14075,"#innovacion,#programacion,#startup"
285,57,2024-01-07,reel,2191.0,202.0,150,22240,"#python,#analisis,#tecnologia,#developer"
286,96,2023-03-23,foto,1922.0,481.0,42,15528,#ia
287,68,2023-03-27,foto,3876.0,13.0,67,15647,"#programacion,#datos,#developer,#startup"
288,22,2023-01-30,foto,2327.0,64.0,169,16555,"#datascience,#developer,#bigdata,#programacion"
289,70,2023-07-01,historia,4493.0,496.0,152,40860,"#deeplearning,#bigdata,#innovacion,#coding,#developer"
290,12,2024-03-28,video,2536.0,246.0,93,20521,"#programacion,#tecnologia"
291,45,2023-10-21,texto,0.0,388.0,136,452,"#coding,#datascience,#programacion,#tecnologia"
292,1,2024-01-18,foto,3526.0,305.0,105,35583,"#datos,#python,#startup,#coding"
293,55,2023-09-03,historia,3192.0,112.0,195,19397,"#coding,#programacion,#deeplearning,#datos,#ia"
294,80,2024-04-08,video,1494.0,56.0,179,13642,"#tecnologia,#python,#analisis"
295,35,2023-05-09,reel,,497.0,112,219,#python
296,64,2024-01-16,texto,120.0,175.0,178,509,#developer
297,70,2024-04-26,foto,1196.0,397.0,49,7471,#ia
298,95,2023-02-04,foto,2039.0,499.0,117,6483,"#datascience,#deeplearning"
299,6,2023-05-06,video,2556.0,81.0,123,15537,"#analisis,#tecnologia,#innovacion"
300,42,2023-01-16,foto,1784.0,120.0,70,5654,"#tecnologia,#analisis"
